ingr,freq
red chile flakes,51
canadian bacon,51
cornbread,51
flat leaf parsley,51
wonton wrappers,52
french baguette,52
plantains,52
sunflower seeds,52
liqueur,52
parmigiano-reggiano cheese,52
tahini,52
sausage,52
almond milk,53
spinach leaves,53
phyllo dough,53
queso fresco,53
ciabatta bread,53
garbanzo beans,53
pepper sauce,53
linguine,54
clams,54
ancho chiles,54
pineapple chunks,54
water chestnuts,54
grits,54
pear,54
condensed milk,54
guacamole,55
plain bread crumbs,55
anchovy paste,55
whole wheat flour,55
dill pickles,55
plum tomato,55
frosting,55
grenadine,56
marsala wine,56
celery seeds,56
deli ham,56
chocolate ice cream,56
cane sugar,56
vanilla yogurt,56
sugar snap peas,57
cod,57
orzo,57
poblano chiles,57
coconut extract,57
apricot preserves,57
salmon fillet,58
oysters,58
hungarian paprika,58
ginger ale,58
sauerkraut,59
juice of 2 limes,59
pecorino,59
allspice berries,59
currants,59
pasta,59
slab bacon,59
mangoes,60
bibb lettuce,60
chile flakes,60
manchego cheese,60
collard greens,60
flaked coconut,60
macadamia nuts,60
pretzels,61
beefsteak tomatoes,61
jicama,61
almond flour,61
chocolate syrup,62
whiskey,62
swiss chard,62
eggplants,63
portobello mushroom caps,63
cucumbers,63
celery stalks,63
okra,63
spanish onions,63
truffle oil,63
agave syrup,63
salami,64
pecorino romano cheese,64
greens,64
pickle relish,64
peppermint extract,64
pickles,65
anchovies,65
pork loin,66
gorgonzola,66
celery seed,66
chile powder,66
baby carrots,66
edamame,66
lemongrass,66
clam juice,67
mexican oregano,67
poblano peppers,67
poppy seeds,67
lentils,68
sprinkles,68
plain greek yogurt,68
lump crabmeat,68
puff pastry,68
grapefruit juice,68
veal,68
tomato juice,68
macaroni,69
portobello mushrooms,69
littleneck clams,69
potato chips,69
spanish paprika,69
broth,69
escarole,69
beef brisket,70
asiago cheese,70
chickens,70
skirt steak,70
bean sprouts,70
zest,71
lemon peel,71
penne pasta,72
panko,72
fennel seed,72
crackers,72
romano,73
heirloom tomatoes,73
pepperoni,73
raspberry jam,73
idaho potatoes,73
caraway seeds,74
grapefruit,74
fingerling potatoes,74
nonstick spray,75
adobo sauce,75
ginger root,75
pork tenderloin,76
prosecco,76
crusty bread,76
applesauce,77
graham cracker crumbs,77
pumpkin,77
cognac,77
table salt,77
cotija cheese,77
andouille sausage,77
all-vegetable shortening,77
serrano chiles,78
bread flour,78
sanding sugar,79
marjoram,79
pesto,79
pecan halves,79
self-rising flour,80
fennel bulb,80
porcini mushrooms,80
saffron,81
garam masala,81
lasagna noodles,82
chorizo,82
mirin,82
coconut flakes,83
pomegranate seeds,83
pumpkin seeds,83
pears,83
pork butt,84
cajun seasoning,84
rice flour,84
egg noodles,84
basmati rice,84
cardamom pods,84
monterey jack,85
ancho chili powder,85
caramel sauce,85
orange peel,85
yeast,85
sprigs rosemary,86
pearl onions,86
plums,86
romaine,86
lime wedges,86
baby spinach leaves,87
dates,87
snow peas,88
cocoa,88
jumbo shrimp,88
fontina cheese,90
tomato puree,91
cashews,91
clover honey,91
ice cream,91
turbinado sugar,91
triple sec,92
whole-wheat flour,92
sea scallops,92
chuck,93
provolone cheese,94
milk chocolate,94
saffron threads,95
mascarpone,95
radicchio,95
whipped topping,96
vidalia onion,96
feta,96
sirloin,97
napa cabbage,97
espresso,98
bbq sauce,98
anchovy fillets,99
american cheese,99
chili sauce,100
seafood seasoning,101
orange marmalade,101
pecorino romano,101
san marzano tomatoes,101
leek,102
polenta,102
pomegranate juice,103
anise,103
graham crackers,103
poultry seasoning,103
sourdough bread,104
broccoli florets,104
maraschino cherries,106
provolone,107
figs,108
granny smith apple,108
arborio rice,108
beets,109
beef chuck,110
hamburger buns,110
mint sprigs,110
garlic salt,111
champagne vinegar,111
watermelon,112
pinto beans,112
celery salt,113
agave nectar,113
espresso powder,113
thyme sprigs,114
vegetable stock,114
cranberry juice,115
salmon fillets,115
margarine,115
diced small,116
champagne,116
barbecue sauce,116
couscous,116
vegetable broth,117
gin,118
flat-leaf parsley leaves,118
quinoa,119
lime zest,120
leaves,120
coarse salt,120
panko bread crumbs,120
pork shoulder,121
shortening,121
chili flakes,121
mussels,121
rotisserie chicken,122
all purpose flour,122
strips bacon,122
cannellini beans,124
mustard powder,124
ice water,125
squash,126
apple juice,127
corn kernels,127
brussels sprouts,127
gruyere,128
parsnips,128
yogurt,128
watercress,129
vermouth,130
potato,132
frozen puff pastry,132
italian parsley,133
tomatillos,133
serrano chile,134
flank steak,135
pumpkin puree,136
evaporated milk,137
kidney beans,137
pepper jack cheese,137
tarragon leaves,139
pork chops,139
cardamom,141
italian parsley leaves,141
hoisin sauce,143
club soda,144
ancho chile powder,145
chiles,146
mustard seeds,146
orange liqueur,147
artichoke,148
tortilla chips,148
jalapeno peppers,149
pumpkin pie spice,151
sprigs thyme,152
apple,153
salsa,154
eggplant,154
ricotta,156
coconut oil,157
broccoli,157
ice cubes,157
banana,159
scallion,160
pineapple juice,166
chickpeas,168
sriracha,168
marinara sauce,168
oats,169
lemon wedges,169
cauliflower,169
kale,169
simple syrup,170
salmon,173
apricots,173
lettuce,173
sprigs,174
italian seasoning,175
gruyere cheese,175
tabasco,179
evoo,179
leeks,180
radishes,181
button mushrooms,181
lamb,181
granny smith apples,181
apples,182
cumin seeds,184
blackberries,186
vegetable shortening,187
gelatin,187
shiitake mushrooms,187
swiss cheese,187
pistachios,188
cremini mushrooms,189
sage leaves,189
creme fraiche,190
english cucumber,192
oranges,195
fennel,196
fish sauce,196
whole-grain mustard,199
butternut squash,199
pizza dough,199
apple cider,199
rolled oats,200
spaghetti,201
plain yogurt,201
italian sausage,203
grapes,204
whipped cream,205
avocados,206
mango,207
beer,208
coffee,209
iceberg lettuce,210
hazelnuts,211
fennel seeds,212
cream of tartar,212
turmeric,212
oregano leaves,215
monterey jack cheese,218
sherry,222
baguette,222
beef broth,223
kalamata olives,223
breadcrumbs,224
brandy,224
coriander seeds,226
curry powder,227
mascarpone cheese,227
spanish onion,228
kosher,228
ham,229
tarragon,230
arugula,230
tequila,234
roma tomatoes,236
beef stock,238
sherry vinegar,244
flour tortillas,248
baby arugula,249
cheese,250
baby spinach,256
rosemary leaves,259
active dry yeast,260
panko breadcrumbs,261
peanuts,261
peaches,262
feta cheese,266
asparagus,268
cherries,269
prosciutto,269
marshmallows,270
jalapeno pepper,270
rice vinegar,271
grape tomatoes,273
pancetta,275
almond extract,277
romaine lettuce,277
tomato sauce,281
vanilla,284
mozzarella cheese,287
bourbon,287
rice wine vinegar,295
russet potatoes,298
cucumber,298
vanilla bean,298
bread crumbs,301
yukon gold potatoes,302
horseradish,304
cake flour,307
grapeseed oil,307
ice,309
coconut milk,312
ricotta cheese,318
corn tortillas,319
pineapple,330
coconut,332
oil,333
bananas,334
greek yogurt,337
jalapenos,337
whipping cream,337
cheddar cheese,341
cayenne,343
peanut oil,344
cider vinegar,345
peppers,349
pine nuts,349
food coloring,351
molasses,354
olives,356
goat cheese,357
vanilla ice cream,363
bread,367
vodka,368
parmigiano-reggiano,374
sprigs fresh thyme,374
sesame seeds,383
red wine vinegar,383
mushrooms,384
corn syrup,384
peas,385
peanut butter,388
pork,389
spinach,393
sage,395
avocado,399
cream,406
coriander,407
orange zest,417
blueberries,418
cranberries,425
plum tomatoes,427
allspice,430
onion powder,436
cherry tomatoes,441
cabbage,443
vinegar,445
tomato,455
raspberries,456
capers,463
corn,465
dill,472
cornmeal,473
egg yolks,480
limes,482
raisins,489
jalapeno,490
half-and-half,492
zucchini,501
mint leaves,501
bell peppers,502
parmesan cheese,508
cloves,510
rum,520
mozzarella,530
sesame oil,548
mint,561
walnuts,572
turkey,573
lemons,585
peppercorns,590
beef,603
bay leaf,606
ketchup,608
apple cider vinegar,615
pecans,623
flat-leaf parsley,637
maple syrup,652
carrot,656
orange,656
strawberries,663
rice,667
thyme leaves,670
shrimp,700
rosemary,704
bay leaves,711
chocolate chips,729
mustard,741
beans,745
orange juice,761
shallot,761
tomato paste,762
lemon zest,764
balsamic vinegar,770
garlic powder,774
chili powder,776
cocoa powder,786
flour,791
cornstarch,825
cheddar,841
almonds,846
shallots,859
sauce,875
basil leaves,879
sea salt,908
basil,983
potatoes,1003
buttermilk,1015
lime juice,1021
parsley leaves,1029
wine vinegar,1062
oregano,1073
cream cheese,1085
worcestershire sauce,1090
bacon,1104
lime,1122
soy sauce,1138
chives,1178
cilantro leaves,1199
cilantro,1247
cayenne pepper,1257
thyme,1263
chicken broth,1294
cooking spray,1311
chocolate,1317
confectioners' sugar,1333
carrots,1335
nutmeg,1338
chicken stock,1339
pepper flakes,1348
baking soda,1454
celery,1485
bell pepper,1498
cumin,1501
paprika,1502
dijon mustard,1506
mayonnaise,1586
parmesan,1613
scallions,1635
sour cream,1653
wine,1709
tomatoes,1824
onions,1842
parsley,1906
ginger,1919
honey,1927
canola oil,1990
baking powder,2021
chicken,2107
lemon juice,2348
lemon,2568
cinnamon,2652
heavy cream,2767
vegetable oil,2844
water,3052
egg,3319
milk,3696
vanilla extract,3762
eggs,4685
all-purpose flour,5808
onion,6631
kosher salt,7365
salt,7407
garlic,9931
olive oil,11035
butter,11529
sugar,12647
pepper,17490
